,COSTO_UNITARIO,COSTO_UNITARIO_CALCULADO,SUBTOTAL_PARTIDA,COSTO_TOTAL_CALCULADO
0,52.8,52.8,434.48,52.8
1,327.18,327.18,1264.05,327.18
2,177.68,177.68,3861.29,1243.73
3,38.96,38.96,140.0,38.96
4,101.71,101.71,344.83,203.42
5,49.41,49.41,474.14,98.82
6,5323.76,5323.76,14000.0,5323.76
7,38.96,38.96,283.5,116.88
8,517.89,517.89,1615.0,517.89
9,517.89,517.89,1615.0,517.89
10,517.89,517.89,1615.0,517.89
11,0.0,586.32,1615.0,586.32
12,0.0,586.32,1615.0,586.32
13,0.0,86.22,1485.25,86.22
14,0.0,742.05,2095.25,742.05
15,51.73,149.6,481.25,397.08
16,124.0,124.0,1542.56,248.0
17,0.0,141.9,375.0,425.69
18,0.0,78.7,4106.5,393.48
19,0.0,75.77,5749.1,530.41
20,27.43,27.43,1489.05,82.29
21,147.76,147.76,2815.59,443.27
22,259.35,259.35,718.52,259.35
23,332.65,332.65,898.25,332.65
24,0.36,0.36,3000.0,0.72
25,1081.89,1081.89,5544.0,3245.66
26,124.0,124.0,2425.0,620.0
27,44.14,44.14,2250.0,264.83
28,489.39,489.39,4010.92,978.77
29,305.44,305.44,38979.6,9163.18
30,295.24,295.24,5136.22,1771.42
31,305.44,305.44,38979.6,9163.18
32,178.6,178.6,601.23,178.6
33,68.95,68.95,1505.0,689.45
34,78.32,78.32,2159.6,783.24
35,5.76,5.76,382.1,5.76
36,45.01,45.01,485.23,45.01
37,289.05,289.05,945.0,289.05
38,64.85,64.85,10384.0,2594.17
39,0.0,161.73,938.53,161.73
40,0.0,1509.14,38160.0,4527.42
41,101.71,101.71,5572.89,915.42
42,0.0,81.91,5050.8,819.14
43,0.0,497.54,10624.0,3980.31
44,0.0,98.76,1198.1,197.51
45,140.29,140.29,803.0,140.29
46,181.88,181.88,1570.5,363.75
47,249.89,249.89,1231.7,499.77
48,48.56,48.56,1540.8,194.24
49,0.0,195.26,2150.0,195.26
50,85.29,85.29,2655.0,426.47
51,220.0,220.0,385.0,220.0
52,211.36,211.36,500.0,211.36
53,242.48,242.48,1671.0,484.95
54,235.56,235.56,1791.0,471.13
55,0.0,319.8,1264.25,319.8
56,0.0,313.8,1264.25,313.8
57,44.7,44.7,2420.0,178.8
58,4.02,4.02,337.7,4.02
59,69.23,69.23,1116.28,138.46
60,69.23,69.23,1116.28,138.46
61,556.14,556.14,4236.0,1668.42
62,447.68,447.68,3564.0,1343.05
63,95.82,95.82,3978.0,574.91
64,158.4,158.4,991.6,316.8
65,272.65,272.65,17420.0,2181.22
66,161.63,161.63,1010.46,323.25
67,105.68,105.68,3940.4,422.72
68,0.0,795.74,10577.12,3182.95
69,51.38,51.38,1044.0,102.76
70,291.72,291.72,255.01,291.72
71,0.0,240.87,5512.5,2408.67
72,52.48,52.48,364.55,52.48
73,139.82,139.82,662.0,139.82
74,275.5,275.5,44259.0,8264.95
75,200.3,200.3,2999.72,600.9
76,372.67,372.67,14500.0,3726.73
77,360.5,360.5,8700.0,2162.98
78,337.97,337.97,8700.0,2027.79
79,113.47,113.47,3320.0,907.73
80,77.13,77.13,2720.0,771.29
81,0.0,115.58,2051.74,231.15
82,0.0,165.19,3174.5,330.39
83,0.0,385.71,5970.72,771.42
84,85.89,85.89,566.64,85.89
85,95.96,95.96,5178.0,1151.56
86,131.65,131.65,6339.6,1579.75
87,0.0,292.75,1880.28,292.75
88,71.25,71.25,3000.0,1425.02
89,38.96,38.96,98.0,38.96
90,363.33,363.33,2490.75,1090.0
91,27.08,27.08,473.28,27.08
92,436.54,436.54,1659.6,436.54
93,38.96,38.96,107.76,38.96
94,113.22,113.22,499.0,113.22
95,0.0,247.52,2700.0,742.57
96,0.0,160.03,3567.0,480.08
97,0.0,369.59,4305.0,1108.78
98,0.0,67.42,990.0,134.84
99,71.25,71.25,125.0,71.25
100,75.89,75.89,175.0,75.89
101,0.0,1214.3,5251.0,2428.6
102,1041.08,1041.08,4928.4,2082.15
103,1298.68,1298.68,4137.0,2597.36
104,0.0,387.87,925.6,387.87
105,435.3,435.3,1517.63,435.3
106,0.0,24.38,1995.4,97.52
107,167.3,167.3,2629.5,167.3
108,104.4,104.4,535.09,104.4
109,0.0,336.57,2391.69,673.13
110,0.0,647.84,1572.45,647.84
111,0.0,436.05,9502.0,1744.19
112,0.0,449.35,4161.7,898.7
113,0.0,406.61,2118.0,406.61
114,281.94,281.94,1250.0,281.94
115,0.0,67.22,2468.0,268.86
116,0.0,37.76,1020.0,75.53
117,13.38,13.38,197.5,13.38
118,0.0,226.23,1000.0,226.23
119,0.0,130.2,1700.8,520.79
120,0.0,137.08,971.0,274.16
121,220.0,220.0,385.0,220.0
122,492.92,492.92,3892.24,492.92
123,13.38,13.38,197.5,13.38
124,174.76,174.76,871.5,174.76
125,0.0,106.0,1125.87,318.0
126,246.94,246.94,2200.0,493.89
127,90.18,90.18,565.4,90.18
128,156.83,156.83,1406.56,627.33
129,0.0,146.88,3953.0,587.54
130,0.0,186.95,3314.76,747.79
131,0.0,99.32,2630.32,397.28
132,130.78,130.78,1125.0,130.78
133,134.36,134.36,1125.0,134.36
134,189.47,189.47,13701.02,2842.01
135,220.0,220.0,462.0,220.0
136,395.14,395.14,2665.3,395.14
137,141.65,141.65,1579.6,141.65
138,526.27,526.27,21602.16,6315.25
139,0.0,150.79,2134.4,603.18
140,96.78,96.78,7200.0,967.82
141,533.27,533.27,5632.95,1599.82
142,319.99,319.99,6804.0,2239.95
143,0.0,164.55,3798.36,329.11
144,168.4,168.4,2045.0,336.79
145,0.0,418.59,11579.97,1255.77
146,0.0,665.36,1054.0,665.36
147,0.0,569.1,9596.04,2276.4
148,78.83,78.83,3429.75,236.48
149,0.0,83.5,1705.95,250.49
150,0.0,791.1,9159.75,2373.3
151,0.0,143.89,2116.5,431.66
152,222.0,222.0,1626.21,444.0
153,113.59,113.59,715.7,227.19
154,153.97,153.97,8667.0,1539.68
155,112.64,112.64,3085.5,675.84
156,87.1,87.1,307.5,87.1
157,0.0,297.59,2092.22,595.19
158,0.0,111.63,900.0,334.89
159,182.75,182.75,5973.0,548.24
160,0.0,106.18,3036.68,424.72
161,0.0,150.48,3152.2,601.92
162,36.92,36.92,840.0,73.84
163,299.62,299.62,945.0,299.62
164,31.72,31.72,1035.0,95.16
165,155.39,155.39,1989.28,310.77
166,145.21,145.21,1476.8,290.42
167,150.74,150.74,1452.18,150.74
168,17.39,17.39,1185.0,104.34
169,106.55,106.55,336.93,106.55
170,0.0,89.85,3409.56,539.13
171,0.0,143.11,2259.43,143.11
172,0.0,42.86,894.84,85.71
173,0.0,337.19,2174.6,337.19
174,0.0,226.23,919.0,226.23
175,51.36,51.36,290.0,102.71
176,98.64,98.64,3000.0,789.1
177,1214.3,1214.3,5251.0,2428.6
178,0.0,325.78,4758.64,2606.27
179,431.83,431.83,4556.9,863.66
180,124.0,124.0,408.87,124.0
181,175.18,175.18,1136.53,175.18
182,12.4,12.4,862.07,12.4
183,0.0,1782.0,7575.0,5346.0
184,36.53,36.53,675.4,73.06
185,672.74,672.74,16492.26,7400.14
186,1190.42,1190.42,14096.87,7142.54
187,0.0,70.04,2040.0,280.17
188,0.0,189.75,1626.1,379.5
189,0.0,346.74,2096.0,693.49
190,112.61,112.61,1050.0,225.21
191,0.0,3061.83,12750.0,4592.74
192,38.96,38.96,239.66,77.92
193,227.18,227.18,813.0,227.18
194,0.0,773.91,2068.5,773.91
195,304.25,304.25,9108.0,1825.52
196,173.0,173.0,2985.3,865.0
197,29.9,29.9,683.25,29.9
198,222.0,222.0,813.1,222.0
199,0.0,52.74,12434.58,949.4
200,378.69,378.69,3040.0,757.39
201,220.0,220.0,385.0,220.0
202,0.0,253.0,435.0,253.0
203,0.0,98.63,206.9,98.63
204,0.0,254.34,52200.0,9156.17
205,37.66,37.66,1560.5,75.32
206,44.54,44.54,1598.24,89.08
207,48.09,48.09,1643.78,96.18
208,51.09,51.09,1678.86,102.18
209,141.49,141.49,1802.24,282.98
210,201.21,201.21,1984.0,402.41
211,188.85,188.85,2218.44,377.7
212,297.2,297.2,2224.0,594.4
213,30.17,30.17,5075.7,211.19
214,54.82,54.82,774.9,109.64
215,0.0,187.31,3348.0,374.62
216,0.0,366.42,1920.0,732.84
217,112.8,112.8,1379.84,225.59
218,112.8,112.8,1379.84,225.59
219,0.0,227.18,813.0,227.18
220,0.0,427.12,9600.0,1281.35
221,0.0,369.07,18630.0,2214.39
222,101.99,101.99,3550.0,1019.92
223,0.0,1204.71,4436.54,2409.43
224,0.0,74.08,650.32,74.08
225,1179.22,1179.22,1615.0,1179.22
226,1179.22,1179.22,1615.0,1179.22
227,1179.22,1179.22,1615.0,1179.22
228,1179.22,1179.22,1615.0,1179.22
229,1179.22,1179.22,1615.0,1179.22
230,338.28,338.28,1196.0,676.56
231,160.14,160.14,890.0,320.27
232,106.55,106.55,606.9,213.1
233,137.48,137.48,738.5,274.96
234,119.05,119.05,1775.0,595.24
235,0.0,125.12,2727.0,500.47
236,127.62,127.62,4070.0,1276.19
237,120.29,120.29,3904.0,962.29
238,113.69,113.69,3801.0,795.85
239,161.1,161.1,4072.0,1288.78
240,131.71,131.71,4095.0,395.14
241,0.0,459.8,4060.0,1839.19
242,88.95,88.95,2249.28,355.8
243,7342.41,7342.41,1125.0,7342.41
244,0.0,440.7,2970.0,881.41
245,339.43,339.43,44259.0,10182.84
246,29.29,29.29,2500.8,117.15
247,90.42,90.42,1130.8,180.83
248,0.0,69.55,997.54,139.11
249,0.0,470.09,2508.7,470.09
250,0.0,373.69,2056.7,747.38
251,0.0,559.98,1265.2,559.98
252,0.0,178.49,2397.3,535.46
253,0.0,139.69,1156.5,139.69
254,173.44,173.44,2976.75,520.33
255,0.0,48.23,1076.1,144.69
256,0.0,208.27,1498.16,208.27
257,0.0,688.35,1599.5,688.35
258,0.0,375.4,1455.25,375.4
259,0.0,415.77,1398.79,415.77
260,0.0,601.65,2944.0,1203.29
261,236.98,236.98,1196.55,710.93
262,0.0,449.84,3689.64,1349.52
263,0.0,87.59,2040.0,175.18
264,0.0,43.81,2500.8,175.24
265,33.9,33.9,1875.86,135.61
266,688.31,688.31,2524.5,688.31
267,236.68,236.68,4120.0,946.71
268,210.46,210.46,4378.4,841.84
269,1214.3,1214.3,5251.0,2428.6
270,918.12,918.12,23340.0,5508.73
271,0.0,1133.81,23340.0,6802.89
272,220.0,220.0,462.0,220.0
273,0.0,41.26,4315.0,41.26
274,173.44,173.44,2976.75,520.33
275,78.24,78.24,1038.0,156.48
276,211.36,211.36,512.36,211.36
277,137.48,137.48,382.76,137.48
278,0.0,134.94,560.04,134.94
279,235.81,235.81,13701.02,3537.11
280,370.94,370.94,1255.2,370.94
281,0.0,36.53,675.4,73.06
282,0.0,269.59,1931.0,539.17
283,87.1,87.1,1060.0,348.39
284,435.26,435.26,2265.0,435.26
285,67.47,67.47,2296.0,269.88
286,122.14,122.14,5515.0,610.68
287,152.37,152.37,1155.6,304.73
288,0.0,428.56,11976.12,3857.05
289,216.65,216.65,800.0,216.65
290,1246.35,1246.35,8873.08,4985.4
291,143.8,143.8,470.0,143.8
292,326.23,326.23,5948.3,3262.29
293,212.44,212.44,999.91,212.44
294,317.3,317.3,980.6,317.3
295,317.3,317.3,980.6,317.3
296,269.6,269.6,4215.75,808.8
297,0.0,111.07,1625.06,222.14
298,87.1,87.1,375.29,87.1
299,119.05,119.05,7100.0,2380.95
300,1666.85,1666.85,8334.25,8334.25
301,143.8,143.8,2350.0,719.0
302,2644.78,2644.78,4650.5,2644.78
303,303.31,303.31,9307.2,1819.85
304,673.14,673.14,3096.0,1346.28
305,0.0,1783.73,4508.2,1783.73
306,220.0,220.0,924.0,440.0
307,38.96,38.96,215.52,77.92
308,417.45,417.45,2377.0,417.45
309,261.77,261.77,8392.8,2617.65
310,0.0,351.08,16177.5,5266.17
311,220.0,220.0,385.0,220.0
312,377.29,377.29,9438.8,1509.17
313,145.03,145.03,8730.0,1305.27
314,212.44,212.44,999.91,212.44
315,358.0,358.0,2431.0,716.01
316,97.81,195.77,1910.0,195.77
317,525.52,525.52,6081.0,2102.1
318,248.65,248.65,2700.0,497.3
319,44.14,44.14,1875.0,220.69
320,220.0,220.0,462.0,220.0
321,281.63,281.63,2821.2,563.27
322,0.0,30.77,1790.0,153.86
323,541.44,541.44,3216.0,1082.88
324,0.0,70.12,2691.6,420.72
325,112.11,112.11,710.0,112.11
326,0.0,244.02,12942.0,4880.41
327,761.07,761.07,6106.5,1522.13
328,106.55,106.55,1348.0,426.19
329,626.37,626.37,3906.52,1252.74
330,143.8,143.8,996.0,287.6
331,327.61,327.61,2005.5,327.61
332,0.0,60.56,568.97,60.56
333,174.73,174.73,1700.0,349.45
334,300.96,300.96,5595.0,1805.76
335,1179.22,1179.22,1615.0,1179.22
336,319.43,319.43,1179.25,319.43
337,319.43,319.43,1179.25,319.43
338,417.02,417.02,1848.4,417.02
339,417.02,417.02,1848.4,417.02
340,66.08,66.08,1988.8,264.34
341,212.44,212.44,999.91,212.44
342,98.65,98.65,1318.96,197.3
343,64.98,64.98,2250.0,389.9
344,38.96,38.96,189.0,77.92
345,51.36,51.36,306.0,102.71
346,38.96,38.96,196.0,77.92
347,5211.65,5211.65,14000.0,5211.65
348,222.0,222.0,732.0,222.0
349,200.3,200.3,1999.81,400.6
350,87.1,87.1,2650.8,870.97
351,0.0,620.47,14175.0,3102.37
352,0.0,376.35,2495.0,752.71
353,519.02,519.02,850.2,519.02
354,0.0,89.76,485.3,89.76
355,0.0,72.34,570.3,72.34
356,1282.76,1282.76,12386.0,5131.02
357,116.97,116.97,3568.0,233.93
358,0.0,2448.37,7903.2,2448.37
359,0.0,1273.61,10047.0,3820.84
360,0.0,3489.32,13800.0,6978.64
361,97.0,97.0,585.13,97.0
362,71.53,71.53,2244.0,286.12
363,88.34,88.34,2244.0,353.34
364,228.89,228.89,2130.0,686.66
365,0.0,50.94,579.66,50.94
366,0.0,45.28,800.0,45.28
367,0.0,4.92,1185.0,14.76
368,1137.06,1137.06,18242.88,6822.37
369,698.18,698.18,23666.3,6981.76
370,211.36,211.36,691.68,211.36
371,410.21,410.21,862.33,410.21
372,38.96,38.96,120.0,38.96
373,0.0,1560.44,37000.0,3120.88
374,0.0,88.63,3750.0,2215.69
375,71.25,71.25,381.04,142.5
376,0.0,710.34,3700.0,1420.68
377,102.22,102.22,636.21,102.22
378,0.0,502.32,2754.0,1506.97
379,97.46,97.46,4200.0,779.66
380,172.28,172.28,990.0,344.57
381,155.02,155.02,709.0,310.03
382,177.36,177.36,354.5,177.36
383,216.46,216.46,6595.74,649.37
384,213.66,213.66,5041.92,854.65
385,37.66,37.66,1560.5,75.32
386,44.54,44.54,1598.24,89.08
387,48.09,48.09,1643.78,96.18
388,51.09,51.09,1678.86,102.18
389,72.37,72.37,190.52,72.37
390,220.0,220.0,435.0,220.0
391,64.91,64.91,527.59,64.91
392,258.43,258.43,1205.0,258.43
393,173.0,173.0,704.5,173.0
394,0.0,714.2,74700.0,12855.68
395,391.24,391.24,1556.35,782.48
396,116.73,116.73,907.5,116.73
397,48.49,48.49,495.0,145.47
398,410.21,410.21,862.35,410.21
399,316.4,316.4,1551.72,316.4
400,6.69,6.69,538.79,6.69
401,24.0,24.0,387.93,24.0
402,258.21,258.21,1020.0,258.21
403,340.8,340.8,77959.2,20448.01
404,220.0,220.0,445.0,220.0
405,0.0,447.47,18156.0,5369.65
406,0.0,26.95,6006.0,323.44
407,244.91,244.91,1056.03,244.91
408,88.95,88.95,3375.0,533.7
409,91.21,91.21,3879.6,547.28
410,366.1,366.1,36882.5,9152.38
411,736.48,736.48,3053.25,736.48
412,356.75,356.75,14753.0,3567.53
413,0.0,791.1,9159.75,2373.3
414,0.0,236.1,11160.0,4249.74
415,0.0,517.36,3799.7,1034.72
416,0.0,305.38,9833.8,1221.53
417,0.0,1306.63,4956.73,1306.63
418,88.74,88.74,1972.5,266.21
419,0.0,1516.24,20887.18,1516.24
420,2935.26,2935.26,14274.0,5870.53
421,137.48,137.48,435.72,137.48
422,42.79,42.79,120.09,42.79
423,112.24,112.24,633.6,112.24
424,111.07,111.07,564.71,111.07
425,112.24,112.24,633.6,112.24
426,59.54,59.54,498.65,59.54
427,110.37,110.37,616.0,110.37
428,110.37,110.37,598.0,110.37
429,90.16,90.16,862.0,90.16
430,106.52,106.52,2116.5,319.57
431,0.0,158.37,2822.0,633.46
432,359.16,359.16,2278.45,359.16
433,377.29,377.29,9438.8,1509.17
434,0.0,165.15,1105.6,165.15
435,360.32,360.32,4800.0,720.65
436,0.36,0.36,3000.0,0.72
437,220.0,220.0,435.0,220.0
438,0.0,161.73,3754.12,646.92
439,0.0,47.25,810.4,94.49
440,113.59,113.59,357.76,113.59
441,0.0,91.9,3128.5,459.5
442,0.0,98.64,1877.1,295.92
443,51.36,51.36,153.45,51.36
444,0.0,203.34,5101.91,5083.38
445,0.0,1140.93,7413.0,4563.71
446,0.0,251.51,2995.0,1257.53
447,0.0,183.83,4400.0,735.34
448,0.0,755.73,3982.12,1511.46
449,0.0,70.86,535.12,70.86
450,0.0,1830.01,7858.22,3660.03
451,0.0,94.84,188.0,94.84
452,321.87,321.87,650.0,321.87
453,144.4,144.4,970.0,288.8
454,50.54,50.54,310.0,50.54
455,0.0,409.87,3191.49,1229.62
456,204.07,204.07,908.0,204.07
457,48.49,48.49,163.0,48.49
458,0.0,722.38,2325.0,722.38
459,248.65,248.65,2700.0,497.3
460,0.0,387.87,2010.0,775.73
461,0.0,404.78,1005.0,404.78
462,1125.85,1125.85,2849.5,1125.85
463,432.3,432.3,1265.09,432.3
464,0.0,396.54,9006.9,3965.36
465,48.21,48.21,527.0,48.21
466,318.83,318.83,11169.0,2869.44
467,133.09,133.09,1120.69,133.09
468,160.64,160.64,4680.0,963.82
469,0.0,403.47,867.03,403.47
470,0.0,148.76,940.0,148.76
471,0.0,148.76,940.0,148.76
472,0.0,111.17,4103.6,2779.23
473,7.6,7.6,907.0,7.6
474,107.68,107.68,659.6,107.68
475,0.0,647.84,4717.35,1943.52
476,50.54,50.54,1240.0,202.16
477,493.68,493.68,6460.0,1974.74
478,0.0,123.23,760.25,123.23
479,4045.07,4045.07,23995.24,4045.07
480,1214.3,1214.3,5251.0,2428.6
481,0.0,67.57,290.0,135.14
482,223.66,223.66,1035.0,223.66
483,183.93,183.93,1224.0,367.86
484,333.44,333.44,4125.0,1667.21
485,842.74,842.74,3059.38,1685.48
486,217.64,217.64,4220.7,1305.87
487,797.54,797.54,2750.0,797.54
488,1319.75,1319.75,10047.0,3959.26
489,42.79,42.79,110.0,42.79
490,67.31,67.31,1307.91,201.92
491,67.21,67.21,982.06,134.42
492,86.23,86.23,360.0,172.46
493,48.49,48.49,163.0,48.49
494,0.0,213.87,676.72,213.87
495,0.0,48.85,1000.0,48.85
496,0.0,48.85,3000.0,146.54
497,46.14,46.14,6952.0,461.36
498,220.0,220.0,462.0,220.0
499,0.0,210.95,4876.39,4218.97
500,28.9,28.9,468.1,28.9
501,671.48,671.48,2790.7,1342.97
502,249.07,249.07,3111.3,747.21
503,714.2,714.2,74700.0,12855.68
504,160.64,160.64,4680.0,963.82
505,72.37,72.37,2500.0,723.67
506,199.22,199.22,5096.56,796.86
507,842.74,842.74,3059.38,1685.48
508,143.09,143.09,1610.0,286.18
509,0.0,148.02,812.0,148.02
510,0.0,38.92,587.0,38.92
511,51.36,51.36,306.9,102.71
512,517.64,517.64,3144.9,1035.28
513,0.0,921.37,7402.72,921.37
514,2935.26,2935.26,14266.34,5870.53
515,76.46,76.46,1035.0,382.32
516,36.0,36.0,622.0,36.0
517,67.21,67.21,1208.25,67.21
518,509.98,509.98,7800.0,1529.93
519,694.6,694.6,31500.0,3472.99
520,0.0,242.78,1970.0,485.55
521,0.0,722.34,3837.4,722.34
522,0.0,518.59,4893.0,2592.94
523,3624.09,3624.09,13800.0,7248.18
524,144.4,144.4,420.69,144.4
525,841.63,841.63,1756.0,841.63
526,0.0,567.27,1697.71,567.27
527,144.4,144.4,485.0,144.4
528,50.54,50.54,796.0,101.08
529,0.0,333.2,12264.0,3998.41
530,504.53,504.53,4994.0,1009.05
531,0.0,374.14,6832.0,2619.0
532,852.37,852.37,12213.0,3409.48
533,335.51,335.51,51635.5,11742.95
534,0.0,791.1,30532.5,7911.01
535,0.0,928.07,3395.0,928.07
536,0.0,61.88,4886.2,618.84
537,42.99,42.99,732.0,85.97
538,11.02,11.02,553.82,22.03
539,76.74,76.74,1242.0,460.41
540,222.0,222.0,732.0,222.0
541,33.79,33.79,427.0,33.79
542,112.64,112.64,1028.5,225.28
543,144.4,144.4,2425.0,722.0
544,50.54,50.54,310.0,50.54
545,72.34,72.34,893.0,72.34
546,210.95,210.95,4148.34,3586.12
547,0.0,1168.41,11581.88,4673.63
548,1048.4,1048.4,8744.0,4193.61
549,42.79,42.79,120.12,42.79
550,0.0,319.29,13065.0,1915.76
551,0.0,145.86,1246.4,291.71
552,0.0,98.63,3308.5,986.31
553,0.0,406.12,2044.2,406.12
554,97.53,97.53,648.3,97.53
555,10.7,10.7,419.0,10.7
556,0.0,98.63,225.0,98.63
557,0.0,136.98,734.5,136.98
558,2227.85,2227.85,27600.0,4455.7
559,305.31,305.31,2316.38,610.62
560,90.91,90.91,3105.0,1363.68
561,42.35,42.35,634.5,42.35
562,33.79,33.79,1708.0,135.17
563,3.8,3.8,301.07,3.8
564,344.32,344.32,1306.03,344.32
565,131.87,131.87,7100.0,2637.36
566,224.13,224.13,8700.0,1344.78
567,200.3,200.3,999.95,200.3
568,0.0,113.06,2050.0,565.29
569,773.91,773.91,2200.0,773.91
570,477.85,477.85,4893.0,2389.27
571,136.25,136.25,3660.0,681.25
572,62.82,62.82,153.25,62.82
573,101.4,101.4,663.88,101.4
574,0.0,483.67,2025.2,483.67
575,217.64,217.64,4220.7,1305.87
576,0.0,144.4,2440.0,722.0
577,62.82,62.82,306.9,125.64
578,0.0,46.17,9940.0,461.74
579,0.0,286.82,2756.25,1434.11
580,797.54,797.54,5500.0,1595.08
581,36.52,36.52,950.0,73.04
582,701.72,701.72,2278.45,701.72
583,88.03,88.03,1500.0,352.13
584,1368.31,1368.31,6273.0,1368.31
585,33.75,33.75,532.76,33.75
586,80.09,80.09,605.4,80.09
587,227.18,227.18,1379.26,454.37
588,0.0,5301.49,13776.88,5301.49
589,172.13,172.13,1867.7,344.27
590,58.36,58.36,670.0,116.73
591,0.0,330.09,1944.0,330.09
592,0.0,453.27,2133.25,453.27
593,253.0,253.0,424.0,253.0
594,0.0,1261.99,2068.5,1261.99
595,0.0,1261.99,2068.5,1261.99
596,0.0,1067.99,4928.4,2135.98
597,1130.54,1130.54,4928.4,2261.08
598,2061.24,2061.24,13740.0,6183.72
599,518.74,518.74,2325.34,518.74
600,60.64,60.64,564.1,60.64
601,685.68,685.68,6460.0,2742.7
602,295.91,295.91,1451.65,295.91
603,0.0,206.11,1144.0,412.22
604,0.0,363.09,1624.0,726.18
605,0.0,599.82,3096.0,1199.64
606,0.0,83.98,4976.0,671.87
607,0.0,236.74,4930.0,1183.69
608,279.88,279.88,9064.0,2239.06
609,165.95,165.95,1877.06,331.9
610,42.79,42.79,452.58,128.38
611,0.0,4434.97,474.14,4434.97
612,806.14,806.14,12213.0,3224.57
613,0.0,324.05,1526.77,324.05
614,0.0,190.25,6528.0,1141.51
615,0.0,244.07,77760.0,14643.92
616,170.19,170.19,689.0,170.19
617,181.72,181.72,11560.0,3634.36
618,253.0,253.0,385.0,253.0
619,0.0,101.07,6105.0,1516.01
620,0.0,113.69,4344.0,909.55
621,115.41,115.41,8190.0,692.44
622,168.7,168.7,1139.88,168.7
623,117.49,117.49,7900.0,1174.89
624,77.57,77.57,420.0,155.15
625,0.0,335.46,24145.8,9392.95
626,0.0,149.98,617.2,149.98
627,222.0,222.0,1464.0,444.0
628,0.0,30.65,1165.86,61.3
629,0.0,30.65,1748.79,91.95
630,97.49,97.49,265.08,97.49
631,0.0,114.65,1185.0,229.29
632,321.87,321.87,1926.0,965.61
633,0.0,104.4,1988.8,208.8
634,0.0,65.47,1265.0,130.94
635,287.63,287.63,5880.0,1725.78
636,0.0,471.48,4522.0,1885.91
637,0.0,160.02,1680.0,320.04
638,0.0,710.13,7370.0,2840.53
639,0.0,736.2,3829.0,1472.41
640,0.0,244.63,12393.0,2446.31
641,0.0,213.38,8376.0,1707.07
642,0.0,213.77,4825.0,1068.83
643,0.0,62.28,1032.0,124.56
644,171.87,171.87,453.24,171.87
645,0.0,1952.03,38063.65,9760.13
646,0.0,295.95,15680.0,4735.23
647,0.0,62.4,5460.0,374.39
648,407.85,407.85,1140.86,407.85
649,0.0,116.78,3000.0,467.13
650,848.3,848.3,4210.6,1696.61
651,208.61,208.61,775.6,208.61
652,0.0,59.77,801.28,119.54
653,200.3,200.3,1999.81,400.6
654,266.04,266.04,52200.0,9577.26
655,3900.52,3900.52,12500.0,3900.52
656,79.79,79.79,1288.0,159.57
657,83.72,83.72,1141.6,167.44
658,80.09,80.09,605.4,80.09
659,253.0,253.0,425.0,253.0
660,55.83,55.83,563.5,55.83
661,253.0,253.0,424.0,253.0
662,0.0,332.9,9900.0,3994.81
663,200.3,200.3,999.91,200.3
664,7.6,7.6,739.66,7.6
665,206.22,206.22,9364.5,2062.24
666,378.12,378.12,38979.6,11343.64
667,602.39,602.39,3668.0,602.39
668,68.34,68.34,1625.06,136.67
669,135.69,135.69,1940.0,542.76
670,54.8,54.8,1500.0,219.2
671,432.0,432.0,1206.0,1728.0
672,0.0,199335.56,32582.18,199335.56
673,0.0,47.7,1128.2,95.4
674,717.66,717.66,4436.0,1435.32
675,200.3,200.3,999.91,200.3
676,42.79,42.79,94.5,42.79
677,562.77,562.77,1697.71,562.77
678,0.0,483.67,4050.4,967.34
679,174.94,174.94,3196.4,699.77
680,321.87,321.87,1926.0,965.61
681,89.98,89.98,9270.0,539.86
682,0.0,752.71,3026.6,752.71
683,0.0,111.07,2437.59,333.2
684,253.0,253.0,385.0,253.0
685,7.2,7.2,1310.0,14.4
686,43.24,43.24,5045.0,432.37
687,0.0,120.27,7159.2,1443.18
688,135.69,135.69,510.0,135.69
689,355.29,355.29,29506.0,7105.79
690,1465.29,1465.29,7460.0,2930.59
691,92.33,92.33,245.0,92.33
692,227.74,227.74,1410.0,227.74
693,65.63,65.63,1657.94,131.25
694,654.97,654.97,2098.6,1309.94
695,23.77,23.77,1263.68,47.53
696,67.69,67.69,1600.38,135.37
697,62.82,62.82,905.0,314.09
698,77.57,77.57,1125.0,387.87
699,668.43,668.43,1572.45,668.43
700,0.0,835.04,6400.0,3340.17
701,0.0,381.64,6438.0,2289.82
702,0.0,257.09,5976.0,1542.56
703,0.0,197.63,1115.0,395.26
704,48.49,48.49,192.0,48.49
705,54.8,54.8,620.0,109.6
706,0.0,86.18,1506.08,172.35
707,0.0,629.46,9300.0,3776.75
708,0.0,595.77,9000.0,3574.62
709,48.03,48.03,564.1,48.03
710,205.2,205.2,521.04,205.2
711,135.69,135.69,1940.0,542.76
712,54.8,54.8,1240.0,219.2
713,77.57,77.57,465.0,232.72
714,0.0,77.8,2158.4,311.18
715,0.0,246.69,2760.0,493.38
716,92.24,92.24,4962.0,1383.54
717,42.65,42.65,690.0,85.29
718,155.39,155.39,1989.28,310.77
719,80.09,80.09,1210.8,160.18
720,177.85,177.85,735.65,177.85
721,331.33,331.33,1217.5,662.65
722,0.0,117.09,8100.0,1170.9
723,0.0,798.08,3153.92,3192.33
724,0.0,670.74,2818.4,670.74
725,111.07,111.07,812.43,111.07
726,236.06,236.06,6180.0,1416.34
727,32.24,32.24,1831.28,128.97
728,87.04,87.04,2940.0,174.08
729,1072.93,1072.93,4372.0,2145.86
730,144.19,144.19,3750.0,1441.92
731,0.0,122.35,1125.0,367.04
732,0.0,236.03,7962.5,2360.31
733,0.0,237.87,8505.0,2378.73
734,76.68,76.68,1270.0,153.36
735,227.18,227.18,702.59,227.18
736,521.59,521.59,1265.0,521.59
737,174.16,174.16,1350.0,348.32
738,91.63,91.63,1392.0,183.26
739,0.0,61.88,4397.58,556.96
740,0.0,171.66,4260.0,1029.98
741,0.0,1273.61,10047.0,3820.84
742,0.0,1304.15,5330.0,2608.29
743,97.49,97.49,435.72,97.49
744,97.53,97.53,648.3,97.53
745,10.7,10.7,419.0,10.7
746,18.14,18.14,36950.0,1813.59
747,0.0,514.77,22504.4,2573.85
748,0.0,114.05,2502.8,456.18
749,100.68,100.68,3128.5,503.4
750,0.0,98.64,3754.2,591.85
751,0.0,546.03,3036.0,1092.06
752,0.0,1220.15,2776.65,1220.15
753,473.55,473.55,2008.0,473.55
754,0.0,152.07,3522.0,912.43
755,0.0,230.29,3122.0,921.15
756,0.0,345.97,1165.95,345.97
757,0.0,322.13,1112.0,322.13
758,0.0,192.93,5016.8,771.72
759,54.8,54.8,310.0,54.8
760,141.3,141.3,1455.0,423.89
761,0.0,185.81,2764.11,557.42
762,123.23,123.23,518.97,123.23
763,773.12,773.12,21372.75,5411.87
764,665.36,665.36,1054.0,665.36
765,276.18,276.18,1047.7,552.36
766,925.21,925.21,4372.0,1850.42
767,136.58,136.58,727.58,136.58
768,0.0,82.32,343.0,82.32
769,405.35,405.35,2928.0,1216.06
770,260.2,260.2,732.0,260.2
771,345.97,345.97,1165.95,345.97
772,0.0,27.79,809.3,55.57
773,65.25,65.25,1297.0,130.51
774,64.34,64.34,1297.0,128.69
775,64.34,64.34,1386.7,128.69
776,210.24,210.24,576.03,210.24
777,265.64,265.64,657.12,265.64
778,205.2,205.2,499.7,205.2
779,0.0,76.36,659.6,76.36
780,15.03,15.03,1230.0,150.32
781,133.05,133.05,7100.0,2660.93
782,133.05,133.05,5325.0,1995.7
783,1357.1,1357.1,2068.5,1357.1
784,1130.54,1130.54,4928.4,2261.08
785,295.59,295.59,5880.0,1773.52
786,0.0,185.06,1074.04,185.06
787,42.63,42.63,3155.52,170.5
788,0.0,297.42,727.31,297.42
789,54.8,54.8,624.27,54.8
790,206.11,206.11,572.0,206.11
791,0.0,363.09,4872.0,2178.55
792,0.0,671.28,1548.0,671.28
793,0.0,66.99,1320.0,133.98
794,172.53,172.53,2372.34,345.06
795,0.0,202.71,2025.0,608.14
796,161.73,161.73,4692.65,808.65
797,0.0,675.99,13329.44,5407.95
798,345.97,345.97,1165.95,345.97
799,0.0,131.45,32783.62,7098.51
800,0.0,137.76,16510.82,3719.48
801,0.0,203.69,2260.25,611.06
802,0.0,126.45,1606.44,379.36
803,144.4,144.4,1717.5,433.2
804,0.0,323.11,794.0,323.11
805,165.65,165.65,941.0,165.65
806,110.15,110.15,2545.2,440.58
807,171.87,171.87,400.0,171.87
808,0.0,2549.57,14266.34,5099.14
809,156.34,156.34,2394.0,469.01
810,42.79,42.79,139.0,42.79
811,150.16,150.16,2360.1,450.49
812,0.0,255.13,8420.0,1020.51
813,0.0,216.25,3260.0,1081.24
814,0.0,195.43,3874.0,781.73
815,1389.6,1389.6,4436.54,2779.2
816,257.6,257.6,8100.0,2575.95
817,0.0,384.87,17077.5,4233.54
818,54.8,54.8,348.0,54.8
819,1195.0,1195.0,3120.0,1195.0
820,97.49,97.49,315.0,97.49
821,171.87,171.87,871.44,343.73
822,0.0,316.45,1127.0,316.45
823,1306.63,1306.63,4956.73,1306.63
824,155.25,155.25,1628.0,620.99
825,0.0,132.16,2165.0,528.65
826,0.0,203.04,5460.0,812.15
827,122.18,122.18,2727.0,488.72
828,0.0,649.31,3200.0,649.31
829,0.0,590.21,6400.0,1180.41
830,0.0,595.74,3200.0,595.74
831,585.92,585.92,3521.6,585.92
832,429.81,429.81,38979.6,12894.24
833,788.54,788.54,12750.0,2365.62
834,244.91,244.91,846.2,244.91
835,0.0,270.68,2101.38,541.35
836,0.0,230.7,4265.1,461.4
837,790.28,790.28,14600.0,3161.13
838,753.71,753.71,13000.0,3014.83
839,703.11,703.11,12750.0,3515.54
840,0.0,67.57,310.0,135.14
841,0.0,264.47,19243.56,5553.86
842,5169.85,5169.85,25258.15,5169.85
843,0.0,324.71,3845.8,1298.83
844,89.76,89.76,485.2,89.76
845,72.34,72.34,570.3,72.34
846,0.0,89.76,485.2,89.76
847,0.0,72.34,570.3,72.34
848,0.0,236.2,4116.0,1417.21
849,220.0,220.0,924.0,440.0
850,0.0,1931.62,8377.26,3863.23
851,0.0,277.5,14000.0,277.5
852,333.0,333.0,9900.0,3995.98
853,257.6,257.6,8100.0,2575.95
854,1225.86,1225.86,3521.6,1225.86
855,92.33,92.33,2070.0,923.31
856,0.0,282.91,4820.0,1131.63
857,0.0,223.92,2927.5,1119.59
858,0.0,249.92,3240.0,1249.59
859,567.27,567.27,1697.71,567.27
860,0.0,75.77,4106.5,378.86
861,0.0,193.86,4125.0,193.86
862,0.0,197.36,1369.18,197.36
863,55.23,55.23,1772.0,110.46
864,36.8,36.8,1390.0,73.59
865,80.09,80.09,1330.0,160.18
866,0.0,1721.28,18869.0,1721.28
867,179.31,179.31,600.0,179.31
868,0.0,514.93,12500.0,5149.29
869,0.0,301.16,5472.0,1806.93
870,0.0,750.38,6924.0,4502.25
871,0.0,43.88,4176.0,263.28
872,0.0,215.26,5328.0,1291.57
873,0.0,128.74,5090.0,1287.37
874,122.67,122.67,2442.0,736.0
875,0.0,490.5,31024.0,7848.04
876,0.0,330.66,3192.0,991.99
877,144.4,144.4,2425.0,722.0
878,54.8,54.8,1550.0,274.0
879,0.0,244.61,8764.0,1712.29
880,82.15,82.15,2160.0,246.45
881,335.77,335.77,1215.5,335.77
882,74.45,74.45,1850.0,744.5
883,42.79,42.79,625.0,213.97
884,72.37,72.37,326.0,144.73
885,97.49,97.49,714.0,292.48
886,144.2,144.2,1488.0,432.6
887,396.78,396.78,3904.0,1587.1
888,291.48,291.48,44259.0,8744.54
889,0.0,374.14,3904.0,1496.57
890,290.21,290.21,29506.0,5804.18
891,844.23,844.23,12213.0,3376.92
892,62.82,62.82,310.0,125.64
893,0.0,227.21,4028.0,908.84
894,0.0,156.55,853.0,156.55
895,338.22,338.22,9438.8,1352.89
896,0.0,301.83,1139.86,301.83
897,82.15,82.15,2880.0,328.6
898,1135.53,1135.53,7392.6,3406.59
899,1261.99,1261.99,4137.0,2523.98
900,91.5,91.5,1653.6,366.02
901,0.0,181.44,785.0,181.44
902,0.0,1884.35,5909.84,1884.35
903,0.0,628.8,4471.8,1257.6
904,0.0,282.47,12360.0,3389.64
905,0.0,82.37,870.0,164.74
906,0.0,2121.33,5251.28,2121.33
907,430.03,430.03,38979.6,12900.92
908,73.01,73.01,1320.0,73.01
909,72.97,72.97,483.54,72.97
910,72.37,72.37,155.0,72.37
911,0.0,150.77,2450.0,753.85
912,32.38,32.38,1228.0,129.51
913,31.14,31.14,661.2,31.14
914,572.12,572.12,3392.5,1144.25
915,917.05,917.05,2290.12,917.05
916,469.69,469.69,2278.45,469.69
917,86.15,86.15,11025.0,1292.21
918,210.34,210.34,6348.0,841.34
919,438.86,438.86,4796.25,1316.59
920,0.0,1149.73,6654.0,3449.19
921,0.0,110.45,785.0,110.45
922,264.47,264.47,19243.56,5553.86
923,345.81,345.81,690.0,691.62
924,0.0,90.71,1575.0,181.42
925,62.95,62.95,154.31,62.95
926,48.2,48.2,120.0,48.2
927,0.0,183.81,3308.68,367.61
928,0.0,0.0,7444.77,0.0
929,457.78,457.78,4522.0,1831.12
930,249.45,249.45,1284.0,249.45
931,2754.67,2754.67,25258.15,2754.67
932,210.24,210.24,668.0,210.24
933,0.0,120.77,758.5,120.77
934,10.82,10.82,1575.0,32.46
935,43.81,43.81,3751.2,262.85
936,48.94,48.94,1875.6,146.81
937,78.65,78.65,155.0,78.65
938,227.62,227.62,2949.0,682.85
939,0.0,66.88,535.0,66.88
940,48.2,48.2,125.0,48.2
941,62.95,62.95,155.0,62.95
942,6587.67,6587.67,1048.97,6587.67
943,348.7,348.7,2112.7,697.4
944,242.78,242.78,1970.0,485.55
945,0.0,31.14,661.2,31.14
946,185.95,185.95,18700.0,3719.07
947,457.71,457.71,13065.0,2746.25
948,0.0,182.87,5973.0,548.62
949,4.8,4.8,1230.0,48.02
950,135.18,135.18,2116.5,405.53
951,136.6,136.6,2116.5,409.8
952,210.24,210.24,4242.0,1471.68
953,260.2,260.2,813.0,260.2
954,216.17,216.17,6118.4,1729.33
955,97.49,97.49,265.08,97.49
956,173.0,173.0,597.0,173.0
957,0.0,333.77,7756.0,1668.85
958,0.0,369.86,1584.6,369.86
959,0.0,88.53,1349.64,177.06
960,2613.6,2613.6,36965.56,5227.2
961,0.0,129.95,2160.0,389.85
962,0.0,0.0,9700.0,0.0
963,223.04,223.04,653.0,223.04
964,0.0,43.93,2200.0,87.87
965,0.0,1062.78,4372.0,2125.57
966,0.0,144.47,3516.4,1444.71
967,0.0,360.69,3948.62,721.38
968,0.0,886.73,2874.31,886.73
969,0.0,610.78,4430.0,1221.56
970,253.0,253.0,924.0,506.0
971,0.0,1204.71,8873.08,4818.85
972,0.0,71.02,1225.2,142.04
973,0.0,1048.9,16000.0,5244.49
974,0.0,126.46,9372.0,1517.55
975,0.0,191.22,17700.0,2868.3
976,314.44,314.44,29506.0,6288.76
977,363.31,363.31,22891.6,7266.24
978,92.32,92.32,6616.0,1846.35
979,741.05,741.05,10484.6,2964.18
980,0.0,119.95,1038.28,239.89
981,470.05,470.05,1443.3,470.05
982,0.0,217.51,1033.0,217.51
983,39.22,39.22,295.0,39.22
984,84.41,84.41,3860.0,844.11
985,260.2,260.2,813.1,260.2
986,1216.54,1216.54,3450.74,1216.54
987,78.65,78.65,225.0,78.65
988,0.0,927.84,2256.35,927.84
989,260.2,260.2,2196.0,780.6
990,0.0,240.58,8940.0,2887.02
991,0.0,226.8,8642.0,2268.0
992,226.23,226.23,1999.81,452.46
993,693.77,693.77,1800.0,693.77
994,1261.99,1261.99,2068.5,1261.99
995,0.0,1165.13,3213.0,1165.13
996,0.0,1067.99,9856.8,4271.95
997,313.65,313.65,16200.0,6273.1
998,0.0,521.55,1075.31,521.55
999,0.0,127.11,6028.0,1016.9
1000,42.8,42.8,497.89,42.8
1001,0.0,679.75,7200.0,2039.25
1002,100.13,100.13,1294.0,200.26
1003,894.91,894.91,1294.0,1789.82
1004,0.0,102.31,1125.0,204.63
1005,260.2,260.2,1626.21,520.4
1006,137.83,137.83,6879.51,1240.49
1007,203.69,203.69,941.77,203.69
1008,126.54,126.54,669.35,126.54
1009,68.35,68.35,1726.0,136.7
1010,388.11,388.11,1045.31,388.11
1011,68.35,68.35,1803.0,136.7
1012,330.66,330.66,3192.0,991.99
1013,331.61,331.61,29506.0,6632.15
1014,1388.82,1388.82,3730.0,1388.82
1015,144.4,144.4,485.0,144.4
1016,0.0,436.59,4556.9,873.18
1017,0.0,176.15,817.89,176.15
1018,253.0,253.0,385.0,253.0
1019,77.13,77.13,3860.0,771.29
1020,0.0,112.39,5353.05,337.18
1021,107.5,107.5,2630.32,429.99
1022,158.36,158.36,3118.0,633.45
1023,265.64,265.64,871.44,531.27
1024,125.68,125.68,700.82,251.36
1025,57.6,57.6,327.59,57.6
1026,0.0,170.16,12500.0,1701.62
1027,253.0,253.0,462.0,253.0
1028,0.0,28.41,596.0,28.41
1029,286.59,286.59,6995.0,2865.87
1030,168.4,168.4,2397.3,505.21
1031,78.65,78.65,2100.0,1101.12
1032,265.64,265.64,3000.0,1593.82
1033,91.4,91.4,960.34,91.4
1034,0.0,13.33,772.0,13.33
1035,0.0,1139.58,4972.3,1139.58
1036,0.0,281.46,1385.0,281.46
1037,406.12,406.12,1848.9,406.12
1038,0.0,341.41,2419.6,682.82
1039,0.0,348.92,690.0,697.83
1040,0.0,68.25,1057.78,136.5
1041,226.23,226.23,999.91,226.23
1042,226.23,226.23,999.91,226.23
1043,955.68,955.68,4372.0,1911.36
1044,97.49,97.49,264.0,97.49
1045,0.0,896.15,2660.9,896.15
1046,0.0,9353.62,22417.6,9353.62
1047,78.65,78.65,155.0,78.65
1048,0.0,197.53,899.0,197.53
1049,0.0,72.88,556.7,72.88
1050,0.0,400.95,1103.45,400.95
1051,0.0,159.65,930.0,159.65
1052,0.0,369.66,2535.87,1108.97
1053,0.0,585.2,4930.0,1170.39
1054,130.97,130.97,2116.5,392.91
1055,0.0,143.89,4233.0,863.31
1056,0.0,502.32,5508.0,3013.94
1057,0.0,239.08,915.0,239.08
1058,0.0,103.21,2146.95,309.63
1059,0.0,182.6,2060.0,730.4
1060,438.39,438.39,4751.0,876.79
1061,523.53,523.53,2080.85,523.53
1062,164.55,164.55,1899.18,164.55
1063,33387.05,33387.05,3298.28,33387.05
1064,78.65,78.65,150.0,78.65
1065,253.0,253.0,442.75,253.0
1066,220.0,220.0,462.0,220.0
1067,345.97,345.97,1165.95,345.97
1068,0.0,345.97,1165.95,345.97
1069,0.0,71.72,3052.0,286.9
1070,0.0,167.31,3380.0,669.24
1071,685.68,685.68,1615.0,685.68
1072,685.68,685.68,1615.0,685.68
1073,685.68,685.68,1615.0,685.68
1074,685.68,685.68,1615.0,685.68
1075,144.4,144.4,970.0,288.8
1076,816.73,1743.86,70020.0,16025.97
1077,930.34,2064.16,70020.0,19187.82
1078,48.2,48.2,500.0,192.79
1079,0.0,21.33,1056.48,170.62
1080,1116.84,1116.84,3706.5,2233.68
1081,0.0,55.13,1705.06,110.26
1082,155.35,155.35,3581.0,310.7
1083,253.99,253.99,3800.0,507.97
1084,0.0,477.16,1280.14,477.16
1085,0.0,518.59,9786.0,5185.87
1086,0.0,136.25,3660.0,681.25
1087,0.0,312.11,5400.0,936.33
1088,0.0,274.93,3258.69,824.78
1089,0.0,207.16,2098.14,621.48
1090,667.91,667.91,32200.0,6679.11
1091,0.0,1798.56,23160.0,7194.25
1092,57.6,57.6,1260.0,230.4
1093,288.77,288.77,44259.0,8663.07
1094,0.0,131.24,2328.52,524.96
1095,0.0,126.1,1546.12,252.21
1096,6.0,6.0,65.35,60.0
1097,50.94,50.94,2098.6,356.56
1098,0.0,751.86,33082.5,22555.72
1099,62.95,62.95,465.0,188.86
1100,0.0,326.25,2660.7,652.49
1101,0.0,6073.5,34786.12,12146.99
1102,332.9,332.9,8250.0,3329.01
1103,0.0,131.36,1283.8,131.36
1104,0.0,1721.28,75476.0,6885.12
1105,0.0,144.87,1162.92,289.73
1106,0.0,96.17,1110.12,192.34
1107,800.35,800.35,28363.44,6402.83
1108,0.0,328.39,1370.74,328.39
1109,0.0,273.77,1018.0,273.77
1110,0.0,133.04,1635.58,266.08
1111,0.0,325.23,2122.56,1300.94
1112,222.0,222.0,732.0,222.0
1113,90.91,90.91,210.0,90.91
1114,113.59,113.59,305.5,113.59
1115,144.4,144.4,1940.0,577.6
1116,0.0,413.55,965.4,413.55
1117,236.6,236.6,3030.0,1182.99
1118,0.0,113.64,3980.0,1136.37
1119,0.0,187.54,1157.93,187.54
1120,0.0,1088.23,4500.0,1088.23
1121,0.0,66.79,1399.04,133.59
1122,220.0,220.0,462.0,220.0
1123,0.0,59.54,899.4,178.63
1124,62.95,62.95,310.0,125.91
1125,0.0,0.0,2533.27,0.0
1126,338.22,338.22,9438.8,1352.89
1127,0.0,49.16,772.6,49.16
1128,220.0,220.0,1848.28,880.0
1129,0.0,0.0,3583.98,0.0
1130,0.0,207.69,1864.0,415.38
1131,0.0,126.52,1461.6,253.04
1132,0.0,329.0,1911.0,329.0
1133,600.03,600.03,4717.35,1800.09
1134,0.0,144.4,4850.0,1444.0
1135,0.0,355.3,6764.76,2131.82
1136,2392.5,2392.5,1800.0,2392.5
1137,421.11,421.11,1130.5,421.11
1138,89.76,89.76,675.97,89.76
1139,72.34,72.34,730.17,72.34
1140,0.0,521.39,16770.0,5213.9
1141,0.0,1627.09,12225.0,8135.45
1142,0.0,0.0,2792.0,0.0
1143,0.0,315.51,29506.0,6310.2
1144,640.51,640.51,9159.75,1921.52
1145,0.0,197.53,899.0,197.53
1146,0.0,76.71,3717.0,460.25
1147,0.0,70.7,699.5,70.7
1148,316.45,316.45,650.0,316.45
1149,0.0,93.3,2480.4,559.81
1150,0.0,100.7,4150.0,1007.01
1151,124.77,124.77,4070.0,1247.67
1152,0.0,132.16,5412.5,1321.62
1153,0.0,138.9,4956.0,972.31
1154,0.0,119.27,4880.0,1192.74
1155,0.0,52.12,16152.5,521.21
1156,586.32,586.32,6168.6,1758.97
1157,0.0,47.84,662.57,47.84
1158,0.0,99.37,815.07,99.37
1159,0.0,142.2,876.98,142.2
1160,0.0,39.85,588.0,39.85
1161,131.45,131.45,7921.1,1314.54
1162,137.63,137.63,7987.9,1376.26
1163,203.69,203.69,984.15,203.69
1164,126.29,126.29,699.47,126.29
1165,127.62,127.62,2116.5,382.87
1166,1119.39,1119.39,17372.82,6716.37
1167,331.33,331.33,670.69,331.33
1168,379.55,379.55,1466.21,379.55
1169,82.34,82.34,6160.8,494.02
1170,245.96,245.96,6990.0,1475.75
1171,67.84,67.84,485.0,67.84
1172,2496.65,2496.65,11530.98,4993.3
1173,982.4,982.4,42790.0,10806.45
1174,130.12,130.12,3600.0,650.58
1175,78.68,78.68,1170.0,472.05
1176,414.84,414.84,1018.0,414.84
1177,414.84,414.84,2036.0,829.67
1178,117.24,117.24,906.05,117.24
1179,173.0,173.0,609.84,173.0
1180,222.0,222.0,813.1,222.0
1181,57.6,57.6,353.45,57.6
1182,218.33,218.33,1850.0,436.67
1183,57.07,57.07,805.5,57.07
1184,0.0,96.96,4424.0,775.7
1185,0.0,160.02,4200.0,800.11
1186,1931.62,1931.62,9538.0,3863.23
1187,90.42,90.42,1696.2,271.25
1188,251.37,251.37,14636.88,3016.4
1189,213.77,213.77,6136.02,1282.59
1190,291.33,291.33,13861.6,2913.27
1191,89.76,89.76,790.0,89.76
1192,72.34,72.34,790.0,72.34
1193,150.44,150.44,852.0,150.44
1194,53.71,53.71,755.0,53.71
1195,108.81,108.81,852.0,108.81
1196,472.22,472.22,7200.0,1416.65
1197,170.55,170.55,620.2,170.55
1198,0.0,463.36,3284.7,926.71
1199,0.0,3280.08,8121.2,3280.08
1200,166.83,166.83,742.45,166.83
1201,93.2,93.2,1208.25,93.2
1202,93.2,93.2,1208.25,93.2
1203,663.12,663.12,20235.2,5304.97
1204,0.0,44.13,2433.44,176.5
1205,0.0,42.57,2545.52,170.28
1206,0.0,175.33,2141.2,350.67
1207,300.0,300.0,1848.0,1200.0
1208,48.2,48.2,250.0,96.4
1209,0.0,38.42,1090.0,76.84
1210,53.33,53.33,1170.0,106.65
1211,126.71,126.71,976.0,253.43
1212,235.35,235.35,6592.44,1412.1
1213,277.2,277.2,1177.25,277.2
1214,145.23,145.23,601.5,145.23
1215,1047.18,1047.18,5901.45,1047.18
1216,265.64,265.64,1383.4,531.27
1217,205.2,205.2,2084.16,820.82
1218,125.68,125.68,1401.64,502.72
1219,99.22,99.22,756.52,198.45
1220,0.0,21.33,2641.2,426.55
1221,78.68,78.68,155.0,78.68
1222,1931.62,1931.62,4769.0,1931.62
1223,78.38,78.38,745.69,78.38
1224,332.12,332.12,1089.35,332.12
1225,332.12,332.12,1089.35,332.12
1226,1721.28,1721.28,75476.0,6885.12
1227,63.09,63.09,768.5,63.09
1228,62.95,62.95,310.0,125.91
1229,69.55,69.55,1246.74,139.11
1230,62.95,62.95,153.25,62.95
1231,265.64,265.64,1383.36,531.27
1232,81.99,81.99,429.25,81.99
1233,0.0,235.75,5916.0,1414.5
1234,63.37,63.37,2180.0,253.47
1235,521.55,521.55,1075.31,521.55
1236,76.08,76.08,2629.65,1141.15
1237,211.36,211.36,1835.4,634.09
1238,0.0,544.48,9499.6,544.48
1239,62.95,62.95,155.0,62.95
1240,48.2,48.2,120.0,48.2
1241,127.11,127.11,4521.0,762.68
1242,0.0,145.02,1625.86,290.03
1243,0.0,0.0,1364.0,0.0
1244,62.95,62.95,620.0,251.81
1245,131.45,131.45,7921.1,1314.54
1246,137.63,137.63,5591.53,963.38
1247,0.0,203.69,24603.75,5092.2
1248,126.29,126.29,699.47,126.29
1249,98.82,98.82,2678.2,395.3
1250,112.34,112.34,2678.2,449.36
1251,99.83,99.83,4017.3,598.95
1252,0.0,0.0,4963.18,0.0
1253,0.2,0.2,17450.0,0.2
1254,51.36,51.36,310.0,102.71
1255,68.2,68.2,380.0,136.41
1256,1164.2,1164.2,5132.3,2328.4
1257,0.0,663.74,8169.64,2654.96
1258,18.45,18.45,486.0,18.45
1259,339.91,339.91,3064.1,679.81
1260,0.0,442.5,14430.0,1327.51
1261,676.87,676.87,19801.98,7445.6
1262,278.0,278.0,462.0,278.0
1263,96.83,96.83,325.0,96.83
1264,89.76,89.76,635.97,89.76
1265,72.34,72.34,730.17,72.34
1266,420.67,420.67,439.66,420.67
1267,401.65,401.65,9438.8,1606.58
1268,385.09,385.09,1952.0,770.19
1269,316.19,316.19,29506.0,6323.81
1270,0.0,0.0,900.0,0.0
1271,518.43,518.43,945.0,518.43
1272,469.53,931.02,17486.4,5553.94
1273,208.88,208.88,2853.12,626.65
1274,0.0,67.57,600.0,337.86
1275,67.56,67.56,3259.44,202.67
1276,57.6,57.6,630.0,115.2
1277,0.0,4604.19,25000.0,9208.38
1278,0.0,408.31,1417.1,408.31
1279,129.7,129.7,4320.0,778.18
1280,257.11,257.11,1726.28,514.21
1281,325.78,325.78,3250.0,1628.92
1282,332.9,332.9,4125.0,1664.51
1283,197.83,197.83,610.0,197.83
1284,178.15,178.15,610.0,178.15
1285,171.15,171.15,610.0,171.15
1286,48.2,48.2,120.13,48.2
1287,48.1,48.1,165.51,48.1
1288,0.0,654.34,27808.0,654.34
1289,78.24,78.24,1038.0,156.48
1290,42.65,42.65,1986.24,85.31
1291,394.88,394.88,8196.78,2369.31
1292,0.0,89.98,9270.0,539.86
1293,129.28,129.28,2949.0,387.85
1294,153.85,153.85,435.72,153.85
1295,0.0,251.47,16990.0,2514.71
1296,0.0,277.5,14000.0,277.5
1297,1541.46,1541.46,6591.1,1541.46
1298,519.45,519.45,1289.0,519.45
1299,331.49,331.49,1725.0,662.99
1300,153.85,153.85,462.0,153.85
1301,264.62,264.62,1223.38,264.62
1302,199.05,199.05,3135.93,597.15
1303,0.0,330.66,3812.52,991.99
1304,97.49,97.49,1338.0,194.99
1305,48.2,48.2,250.0,96.4
1306,63.31,63.31,310.0,126.62
1307,65.16,65.16,190.0,65.16
1308,0.0,61.77,2808.5,308.87
1309,0.0,51.49,2713.25,257.43
1310,144.4,144.4,4850.0,1444.0
1311,57.6,57.6,630.0,115.2
1312,336.58,336.58,8452.4,2692.66
1313,1318.1,1318.1,2665.0,1318.1
1314,331.49,331.49,1435.74,662.99
1315,186.16,186.16,1383.4,372.32
1316,205.2,205.2,1042.08,410.41
1317,125.68,125.68,1401.64,502.72
1318,0.0,120.76,15154.76,483.02
1319,48.2,48.2,125.0,48.2
1320,485.13,1044.55,24952.75,2499.93
1321,157.64,157.64,958.3,157.64
1322,63.9,63.9,802.0,63.9
1323,1292.27,1292.27,5309.11,1292.27
1324,30.45,30.45,1392.0,60.89
1325,996.4,996.4,7205.52,3985.6
1326,0.0,961.36,9440.0,3845.43
1327,0.0,592.18,36003.6,11843.56
1328,936.33,936.33,23340.0,5618.0
1329,0.0,1133.81,23340.0,6802.89
1330,0.0,88.63,1950.0,886.28
1331,0.0,168.53,1456.86,337.07
1332,301.31,301.31,29506.0,6026.11
1333,919.68,919.68,1318.7,919.68
1334,286.34,286.34,1009.65,286.34
1335,227.18,227.18,827.59,227.18
1336,137.33,137.33,873.75,137.33
1337,139.65,139.65,735.0,139.65
1338,280.14,280.14,13065.0,1680.81
1339,89.98,89.98,9270.0,539.86
1340,448.24,448.24,2220.7,448.24
1341,0.0,0.0,7287.4,0.0
1342,0.0,0.0,13609.08,0.0
1343,328.36,328.36,1800.69,328.36
1344,78.25,78.25,1158.51,78.25
1345,0.0,253.9,7276.48,2031.23
1346,158.36,158.36,3821.52,633.45
1347,96.96,96.96,5680.0,775.7
1348,140.88,140.88,1385.5,140.88
1349,21.39,21.39,1230.0,213.85
1350,301.12,301.12,5880.0,1806.71
1351,299.53,299.53,8820.0,2695.79
1352,499.2,499.2,1130.5,499.2
1353,79.01,79.01,465.0,237.03
1354,0.0,127.06,3722.1,762.35
1355,0.0,0.0,13688.0,0.0
1356,293.13,293.13,2220.7,293.13
1357,0.0,291.13,1121.7,291.13
1358,0.0,196.44,1302.15,196.44
1359,144.4,144.4,970.0,288.8
1360,1734.88,1734.88,18482.78,1734.88
1361,0.0,461.49,36430.0,11537.18
1362,21.39,21.39,1230.0,213.85
1363,466.2,466.2,8224.8,1864.79
1364,57.6,57.6,315.0,57.6
1365,315.59,315.59,29506.0,6311.82
1366,119.05,119.05,3550.0,1190.47
1367,0.0,0.0,4157.7,0.0
1368,668.13,668.13,16132.6,6681.26
1369,37.65,37.65,1680.0,150.59
1370,0.0,360.2,2333.26,720.39
1371,0.0,366.62,1153.3,733.23
1372,144.4,144.4,485.0,144.4
1373,57.6,57.6,945.0,172.8
1374,0.0,0.0,3045.5,0.0
1375,227.18,227.18,689.63,227.18
1376,222.14,222.14,6832.0,444.27
1377,222.0,222.0,815.0,222.0
1378,454.72,454.72,4347.9,1364.17
1379,97.49,97.49,2371.74,584.96
1380,97.3,97.3,1064.0,389.19
1381,306.53,306.53,2622.0,1226.13
1382,0.0,355.52,1435.2,355.52
1383,414.88,414.88,2278.45,414.88
1384,0.0,83.4,2220.0,166.8
1385,0.0,586.32,8224.8,2345.29
1386,828.0,828.0,18319.5,4968.0
1387,0.0,442.5,24050.0,2212.51
1388,360.7,360.7,1952.0,721.39
1389,1311.27,1311.27,3730.0,1311.27
1390,773.21,773.21,15266.25,3866.04
1391,89.98,179.95,18540.0,1079.71
1392,57.6,57.6,410.0,57.6
1393,0.0,2335.2,11809.98,2335.2
1394,0.0,620.47,14968.8,3722.84
1395,0.0,325.78,1400.0,651.57
1396,0.0,66.31,1434.0,198.93
1397,131.45,131.45,20594.86,3417.8
1398,137.63,137.63,7987.9,1376.26
1399,0.0,232.01,3647.85,1160.05
1400,236.2,236.2,3688.1,1181.01
1401,0.0,405.55,13575.0,4055.46
1402,0.0,0.0,1325.07,0.0
1403,0.0,333.62,31710.08,5337.9
1404,0.0,696.46,7460.0,1392.92
1405,107.33,107.33,4880.0,1073.25
1406,0.0,681.52,3036.0,2726.1
1407,0.0,1319.88,5668.99,1319.88
1408,0.0,99.68,2300.0,99.68
1409,0.0,1186.76,17758.08,7120.54
1410,0.0,317.5,1464.0,635.0
1411,226.23,226.23,1000.0,226.23
1412,4579.08,4579.08,12500.0,4579.08
1413,78.09,78.09,9486.35,390.43
1414,51.16,51.16,1530.0,153.49
1415,0.0,294.5,11328.0,1767.02
1416,0.0,123.21,1317.45,369.62
1417,65.31,65.31,1851.64,130.63
1418,286.13,286.13,3821.0,572.25
1419,421.91,421.91,4040.84,843.82
1420,477.16,477.16,2354.14,954.32
1421,102.31,102.31,4272.0,613.88
1422,104.69,104.69,4311.6,628.12
1423,0.0,596.55,6547.05,1789.64
1424,1884.35,1884.35,5909.84,1884.35
1425,0.0,80.66,14060.0,806.55
